,data
0,(-1005.480192354139+0j)
1,(1025.6442460045164-2987.923596457692j)
2,(-1075.6898473709848+6084.971565384587j)
3,(1175.986376652518-9646.608968762848j)
4,(-1320.5028428921169+13638.410140649077j)
5,(1559.3796072627297-18996.63606512139j)
6,(-1898.734926695518+25717.753110285266j)
7,(2510.7843720957253-36870.421975458004j)
8,(-3650.7424482461793+56519.80799341511j)
9,(6713.665604565964-107751.40319658074j)
10,(-8268.50723497379+128947.35877757767j)
11,(-4.3655745685100555e-11+7979.485492615337j)
12,(9050.553964433508-144878.42270431644j)
13,(-8036.073977901271+123760.69128060841j)
14,(4757.9194968091115-72699.6766820241j)
15,(-3541.0776237149134+53312.599748728906j)
16,(2872.5638525619725-42473.073813692026j)
17,(-2505.0690918114883+36185.38596504454j)
18,(2219.597558485312-31328.42818171964j)
19,(-2036.2823915553847+27999.93870975181j)
20,(1879.919458415617-25196.32190250084j)
21,(-1770.7578604621533+23094.455831918778j)
22,(1673.2210073729834-21247.857257138465j)
23,(-1601.4931782080496+19783.69867127112j)
24,(1535.5242512908846-18464.420179716624j)
25,(-1485.271005634052+17377.714290050215j)
26,(1438.102062327443-16381.8168600079j)
27,(-1401.2508945783413+15538.587149312198j)
28,(1366.1209245891978-14756.378232841198j)
29,(-1338.1539222843364+14080.194580533262j)
30,(1311.158485662565-13447.188528384837j)
31,(-1289.3554155081547+12891.068552313063j)
32,(1268.0887999792249-12366.742730700546j)
33,(-1250.7181794883338+11900.110698286713j)
34,(1233.6215332304125-11457.643990487695j)
35,(-1219.5318187492603+11059.68380268248j)
36,(1205.5534404031323-10680.56997771721j)
37,(-1193.9510443904016+10336.582146964349j)
38,(1182.3575067926117-10007.609687702674j)
39,(-1172.6791579166963+9706.895153844187j)
40,(1162.9446348958054-9418.360720147786j)
41,(-1154.780463767735+9152.931438383539j)
42,(1146.5189994711263-8897.534996607792j)
43,(-1139.564341611672+8661.296218006608j)
44,(1132.4868539676559-8433.431590187825j)
45,(-1126.5110283401239+8221.645331565598j)
46,(1120.3971462856325-8016.929765237634j)
47,(-1115.2226445380077+7825.85230509706j)
48,(1109.901755066112-7640.8057307095505j)
49,(-1105.390021172213+7467.436354676578j)
50,(1100.7282089156483-7299.2573138489915j)
51,(-1096.769707799401+7141.160219633622j)
52,(1092.66056530284-6987.565932892297j)
53,(-1089.1677114792749+6842.74146111606j)
54,(1085.525751914189-6701.851479189897j)
55,(-1082.4277869107652+6568.64134576293j)
56,(1079.183643164837-6438.89145303244j)
57,(-1076.4228667086472+6315.9078885313265j)
58,(1073.5197396776066-6195.985409284305j)
59,(-1071.0486977802184+6082.057409885378j)
60,(1068.439692975196-5970.851919196864j)
61,(-1066.2190531004096+5864.983944235964j)
62,(1063.8651586159021-5761.5492403560775j)
63,(-1061.862085294728+5662.889096846121j)
64,(1059.7306192885237-5566.413523839668j)
65,(-1057.9175190277876+5474.227123165745j)
66,(1055.980925287491-5384.010165907886j)
67,(-1054.3344672749843+5297.66148445206j)
68,(1052.569371875589-5213.0951314941085j)
69,(-1051.06971693369+5132.030156515893j)
70,(1049.456182838515-5052.583927091946j)
71,(-1048.0863712360963+4976.31768641212j)
72,(1046.6073044726281-4901.526501953108j)
73,(-1045.3527660651355+4829.632502932776j)
74,(1043.9934390340602-4759.086787577622j)
75,(-1042.8415984342055+4691.188355247268j)
76,(1041.5892645228453-4624.525898268832j)
77,(-1040.5292207004545+4560.289022946421j)
78,(1039.372800636875-4497.188245211346j)
79,(-1038.3950652625995+4436.3156392026995j)
80,(1037.3248902597045-4376.489986954296j)
81,(-1036.421172743096+4318.716116732563j)
82,(1035.4287729189123-4261.909366941983j)
83,(-1034.5918028176768+4206.99627767899j)
84,(1033.6697319488358-4152.978585400937j)
85,(-1032.893111472194+4100.712373200757j)
86,(1032.0348010848727-4049.2769266727537j)
87,(-1031.312881979828+3999.4647434350854j)
88,(1030.5125192699497-3950.4249198810817j)
89,(-1029.8402995752972+3902.892418632222j)
90,(1029.0927247936656-3856.079354860389j)
91,(-1028.4657618642414+3810.668501281119j)
92,(1027.766381679184-3765.9290097025773j)
93,(-1027.180718609593+3722.4961996251445j)
94,(1026.5254326547047-3679.6909733398093j)
95,(-1025.9775357820404+3638.105407120032j)
96,(1025.362674137643-3597.1074680396764j)
97,(-1024.8493797542158+3557.2497415476373j)
98,(1024.2716495277207-3517.9430937685675j)
99,(-1023.7901182806567+3479.703972844553j)
100,(1023.2465578031715-3441.9824300704527j)
101,(-1022.7942355328647+3405.261780984768j)
102,(1022.2821749460603-3369.0279421542946j)
103,(-1021.8567589441203+3333.733795241952j)
104,(1021.3737861792246-3298.898146815881j)
105,(-1020.9731960256572+3264.945874219526j)
106,(1020.5171273379556-3231.4260011168935j)
107,(-1020.1394796141569+3198.7375926313393j)
108,(1019.7083339927902-3166.4574826844523j)
109,(-1019.351920296002+3134.9609062420473j)
110,(1018.9438971723866-3103.850335413615j)
111,(-1018.6071649435123+3073.4789708150247j)
112,(1018.2206247190221-3043.4729583824096j)
113,(-1017.9021604820894+3014.165094615119j)
114,(1017.5356074723098-2985.2034191516063j)
115,(-1017.2341221408351+2956.9018070791867j)
116,(1016.8861896059514-2928.928575414183j)
117,(-1016.6005055730146+2901.5800287908555j)
118,(1016.2699425328474-2874.5432912756028j)
119,(-1015.9989822992345+2848.098330094933j)
120,(1015.684641907252-2821.9497364332237j)
121,(-1015.4274180408152+2796.3622674112253j)
122,(1015.1282473000759-2771.0567581294126j)
123,(-1014.8838535528464+2746.283787880002j)
124,(1014.5988842033821-2721.7793171789654j)
125,(-1014.3664876355028+2697.780694215801j)
126,(1014.0948280605787-2674.0379805277444j)
127,(-1013.8736620393769+2650.7761627554532j)
128,(1013.6144900644562-2627.758463807029j)
129,(-1013.4038480367818+2605.1983085955326j)
130,(1013.1564045054752-2582.8712182026516j)
131,(-1012.9556344374813+2560.9797925132866j)
132,(1012.7192174771774-2539.3110566841274j)
133,(-1012.5277168866312+2518.0574650412022j)
134,(1012.3016767729505-2497.016815270953j)
135,(-1012.1188882831592+2476.3720436368567j)
136,(1011.9026228362895-2455.9310455394184j)
137,(-1011.7280301912446+2435.8678193995897j)
138,(1011.5209806398946-2415.9997350466933j)
139,(-1011.3541051181688+2396.4923902149044j)
140,(1011.155752380889-2377.172052748907j)
141,(-1010.9961495735283+2358.19641756865j)
142,(1010.8060109089666-2339.400116826346j)
143,(-1010.65326781347+2320.933404614175j)
144,(1010.4708937920719-2302.6387826480645j)
145,(-1010.3246261922211+2284.6594933472584j)
146,(1010.1495979655781-2266.845448847447j)
147,(-1010.0094480594119+2249.3332789789456j)
148,(1009.841374878658-2231.9798797278304j)
149,(-1009.7070091349906+2214.9156398373316j)
150,(1009.5455261162552-2198.004042413562j)
151,(-1009.4166333271726+2181.3695812861865j)
152,(1009.2613994076646-2164.881957319007j)
153,(-1009.1376889230135+2148.66009232165j)
154,(1008.9883850152503-2132.579560694577j)
155,(-1008.8695851397916+2116.754013674629j)
156,(1008.7259124403353-2101.0645780999516j)
157,(-1008.6117689704015+2085.619916334716j)
158,(1008.4734474298633-2070.3064078293855j)
159,(-1008.363722324915+2055.2279895502716j)
160,(1008.2304892431767-2040.2760133536117j)
161,(-1008.1249594103334+2025.5499374533129j)
162,(1007.9965681570887-2010.945824001411j)
163,(-1007.8950243394054+1996.5588835349733j)
164,(1007.7712431854575-1982.289643115898j)
165,(-1007.6734889509921+1968.229282287601j)
166,(1007.5540999921411-1954.2825630815532j)
167,(-1007.459950802769+1940.5368373864821j)
168,(1007.3447489789075-1926.9008865783665j)
169,(-1007.2540313407642+1913.4584258604611j)
170,(1007.142823533177-1900.1220535760579j)
171,(-1007.0553742129157+1886.9720277297938j)
172,(1006.9479784177609-1873.9245735524398j)
173,(-1006.8636437260474+1861.0566606732282j)
174,(1006.7598882868533-1848.2879625364817j)
175,(-1006.6785234214403+1835.6923192911768j)
176,(1006.5782463318229-1823.1926845339274j)
177,(-1006.4997147652828+1810.8599186065535j)
178,(1006.4027630221899-1798.6200970395591j)
179,(-1006.326935946389+1786.5412414432835j)
180,(1006.2331649522598-1774.5524002527438j)
181,(-1006.1599207590468+1762.7188894000922j)
182,(1006.0691937684999-1750.9725897375438j)
183,(-1005.9984175800462+1739.3762371038292j)
184,(1005.9106051955525-1727.86441224915j)
185,(-1005.8421884173831+1716.4973895165022j)
186,(1005.7571681153448-1705.2123244729482j)
187,(-1005.6910080333371+1694.0671420418291j)
188,(1005.6086637306544-1683.0014544687187j)
189,(-1005.544663133648+1672.0709432298813j)
190,(1005.464884782951-1661.2175656002803j)
191,(-1005.4029516143769+1650.4948598759977j)
192,(1005.325634827557-1639.8470227777966j)
193,(-1005.2656818634028+1629.3255443414746j)
194,(1005.1907275671313-1618.8767608293908j)
195,(-1005.1326721143026+1608.5502039287926j)
196,(1005.0599862255172-1598.2942548579447j)
197,(-1005.003749841773+1588.156572164737j)
198,(1004.933242969443-1578.08749242574j)
199,(-1004.8787512146084+1568.132881852385j)
200,(1004.8103383741392-1558.2449474550071j)
201,(-1004.7575205550568+1548.4678397655566j)
202,(1004.69112091792-1538.755555694764j)
203,(-1004.6399098761913+1529.1506028689832j)
204,(1004.5754465224829-1519.6086916788631j)
205,(-1004.5257784194565+1510.170755959417j)
206,(1004.4631781103421-1500.794147039017j)
207,(-1004.4149922372643+1491.5182906305115j)
208,(1004.3541852094944-1482.3021100974183j)
209,(-1004.3074238032375+1473.1835854638166j)
210,(1004.2483435671638-1464.1231466518298j)
211,(-1004.2029516428846+1455.1573873765603j)
212,(1004.1455348028226-1446.248181865234j)
213,(-1004.1014599954387+1437.430794029597j)
214,(1004.045646075817-1428.668483188517j)
215,(-1004.0028384916034+1419.9952372423077j)
216,(1003.9485697775425-1411.3756442520207j)
217,(-1003.9069818593899+1402.842467340633j)
218,(1003.8542032428204-1394.361569660136j)
219,(-1003.8137896385764+1385.9645383740244j)
220,(1003.7624484819205-1377.618460625049j)
221,(-1003.7231659229946+1369.3537941520324j)
222,(1003.6732119239309-1361.1388013945414j)
223,(-1003.6350191145431+1353.0028550474012j)
224,(1003.5864041829298-1344.9153464203296j)
225,(-1003.5492616920554+1336.9046055048411j)
226,(1003.5019398361966-1328.9411082119414j)
227,(-1003.4658099973802+1321.052182237098j)
228,(1003.4197372099003-1313.2093458465351j)
229,(-1003.3845840316118+1305.438963031254j)
230,(1003.3397181882291-1297.7135540895274j)
231,(-1003.3055072648335+1290.0585561613518j)
232,(1003.261808033051-1282.4474530764583j)
233,(-1003.2285064561217+1274.9047903442315j)
234,(1003.1859351976309-1267.4049785446273j)
235,(-1003.1535114893171+1259.9717052208866j)
236,(1003.1120311788004-1252.5802725576991j)
237,(-1003.0804552106524+1245.2535423270992j)
238,(1003.0400303537158-1237.9676747155445j)
239,(-1003.0092732827735+1230.744736520312j)
240,(1002.9698698380408-1223.5617137995448j)
241,(-1002.9399040424676+1216.4399078452257j)
242,(1002.9014893598397-1209.3570998438308j)
243,(-1002.8722883664159+1202.333853799838j)
244,(1002.8348311086822-1195.3487166032405j)
245,(-1002.8063695568202+1188.4215419888394j)
246,(1002.7698396381708-1181.5316143896466j)
247,(-1002.7420932097459+1174.6981031478679j)
248,(1002.7064617415531-1167.901003261244j)
249,(-1002.6794071137929+1161.1588244841j)
250,(1002.6446463422444-1154.4522465420127j)
251,(-1002.6182611432163+1147.7991433698805j)
252,(1002.5843443997996-1141.1808546566992j)
253,(-1002.5586071587869+1134.6146413144365j)
254,(1002.5255088063604-1128.082479256634j)
255,(-1002.5003989118115+1121.6010382370955j)
256,(1002.4680942989719-1115.1529076277188j)
257,(-1002.4435919611415+1108.7541870031255j)
258,(1002.4120573762922-1102.388057357874j)
259,(-1002.3881435836505+1096.07006822387j)
260,(1002.3573562110762-1089.7839712640816j)
261,(-1002.334012699401+1083.5447852898499j)
262,(1002.303950582947-1077.3368125286568j)
263,(-1002.2811597966154+1071.1745596389592j)
264,(1002.2518017948503-1065.0428600984615j)
265,(-1002.2295468555521+1058.955726239571j)
266,(1002.2008726133802-1052.8985042542454j)
267,(-1002.1791372937682+1046.8847292820137j)
268,(1002.1511271961067-1040.9002424071498j)
269,(-1002.1298958825085+1034.9581180516439j)
270,(1002.1025310344318-1029.044675075117j)
271,(-1002.0817887071044+1023.1725430073608j)
272,(1002.0550508953283-1017.3285020357959j)
273,(-1002.0347830956052+1011.5247520193383j)
274,(1002.0086547598971-1005.7485186524478j)
275,(-1001.9888475720134+1000.0115867720436j)
276,(1001.9633117784401-994.3016123653175j)
277,(-1001.9439517997132+988.6299793333285j)
278,(1001.9189922154457-982.9847593225129j)
279,(-1001.9000665357979+977.3769488667895j)
280,(1001.8756673957006-971.7950211860297j)
281,(-1001.8571635828583+966.2495984874695j)
282,(1001.8333096782326-960.7295420224866j)
283,(-1001.8152157441178+955.2451122467988j)
284,(1001.79189239077-949.7855453902546j)
285,(-1001.7741967863085+944.3607522598561j)
286,(1001.7513898044788-938.9603315015722j)
287,(-1001.7340813906326+933.5938559359051j)
288,(1001.7117770869404-928.2512745226144j)
289,(-1001.6948451275445+922.9418333354538j)
290,(1001.6730302662202-917.655819986424j)
291,(-1001.6564643937878+912.4021646309805j)
292,(1001.6351261994384-907.171482310405j)
293,(-1001.6189164257527+901.9723976932723j)
294,(1001.5980425350873-896.795842414276j)
295,(-1001.5821792147258+891.6501457309384j)
296,(1001.5617576833871-886.5265454369629j)
297,(-1001.5462315067198+881.4330850811809j)
298,(1001.5262507848684-876.3612985490759j)
299,(-1001.5110527642258+871.3189530482293j)
300,(1001.4915016786633-866.2978688491871j)
301,(-1001.4766231369287+861.3055458492579j)
302,(1001.457490880664-856.3340813414045j)
303,(-1001.4429234350415+851.3907166336593j)
304,(1001.4241995505629-846.4678170038802j)
305,(-1001.4099351058982+841.572373585632j)
306,(1001.3916094714157-836.6970109226329j)
307,(-1001.3776402057861+831.848478099095j)
308,(1001.3597030245711-827.0196505054737j)
309,(-1001.346021377183+822.2170430217757j)
310,(1001.3284631630534-817.4337737596966j)
311,(-1001.3150618275196+812.6761309717621j)
312,(1001.2978733952058-807.9374676412001j)
313,(-1001.2847453075185+803.2238527143193j)
314,(1001.2679177596-798.5288664620224j)
315,(-1001.2550560890786+793.8583656043776j)
316,(1001.2385808034413-789.2061503751383j)
317,(-1001.2259789474759+784.5778720876192j)
318,(1001.2098475724763-779.9675438763934j)
319,(-1001.1974991400608+775.380618255535j)
320,(1001.1817035805957-770.8113144146046j)
321,(-1001.169602392163+766.2648924571445j)
322,(1001.1541348019211-761.7357710184303j)
323,(-1001.1422748756605+757.2290239623294j)
324,(1001.1271276464402-752.739262982243j)
325,(-1001.1155031968527+748.2713816732547j)
326,(1001.1006689492252-743.8201786063689j)
327,(-1001.08927437417+739.3903728826664j)
328,(1001.0747459556518-734.9769439777589j)
329,(-1001.0635758316421+730.5844420812936j)
330,(1001.049346301426-726.2080217974471j)
331,(-1001.0383953799077+721.8520698053889j)
332,(1001.024458002688-717.5119102465657j)
333,(-1001.0137211986062+713.191771523247j)
334,(1001.0000694404755-708.8871419036761j)
335,(-1000.9895418321224+704.6020965681714j)
336,(1000.9761693518251-700.3322826798932j)
337,(-1000.965846169555+696.0816271043617j)
338,(1000.9527468082003-691.8459308245633j)
339,(-1000.9426234320862+687.6289771306931j)
340,(1000.9297912169262-683.4267159271817j)
341,(-1000.9198631698118+679.242791520127j)
342,(1000.9072922967018-675.0732979868399j)
343,(-1000.8975552408033+670.9217450922708j)
344,(1000.8852400739813-666.7843664915209j)
345,(-1000.87568981151+662.6645417182859j)
346,(1000.8636248722007-658.5586395445047j)
347,(-1000.8542573232805+654.4699134473168j)
348,(1000.8424372979862-650.3948630121649j)
349,(-1000.8332485176331+646.3366196937776j)
350,(1000.8216682392048-642.2918097096724j)
351,(-1000.8126543965793+638.2634464062951j)
352,(1000.8013088455667-634.2482785908322j)
353,(-1000.7924662287935+630.2492052991988j)
354,(1000.7813505229755-626.2630940034979j)
355,(-1000.7726755343509+622.2927331028989j)
356,(1000.7617849325094-618.3351049317029j)
357,(-1000.753274081801+614.3928908250899j)
358,(1000.7426039715149-610.4631842950243j)
359,(-1000.7342538735415+606.5485630576254j)
360,(1000.7237997736424-602.646228238387j)
361,(-1000.715607144101+598.7586572884398j)
362,(1000.7053646945953-594.8831554803603j)
363,(-1000.6973263506353+591.0221032452325j)
364,(1000.6872913122921-587.172906650703j)
365,(-1000.6794041625728+583.337852259282j)
366,(1000.6695724117619-579.5144436745667j)
367,(-1000.6618334630456+575.7048766434468j)
368,(1000.6522009875612-571.9067491582725j)
369,(-1000.6446073253354+568.1221691073838j)
370,(1000.6351702278346-564.3488258048791j)
371,(-1000.627719035062+560.5887421630182j)
372,(1000.6184735138958-556.8396958477075j)
373,(-1000.6111620498586+553.1036275786414j)
374,(1000.6021044134731-549.3784004958018j)
375,(-1000.5949300217296+545.6658758300335j)
376,(1000.5860566734507-541.9639994002566j)
377,(-1000.5790167753698+538.2745555746594j)
378,(1000.5703242157786-534.5955701395935j)
379,(-1000.5634163093475+530.9287531508226j)
380,(1000.5549011332663-527.2722077245717j)
381,(-1000.5481227867092+523.627572069298j)
382,(1000.5397816776765-519.9930240949261j)
383,(-1000.5331305366267+516.3701325573707j)
384,(1000.5249602652061-512.7571476699253j)
385,(-1000.5184340392137+509.15557107127944j)
386,(1000.5104314620115-505.56372287621355j)
387,(-1000.5040279301413+501.9830398606034j)
388,(1000.4961899866382-498.41190971151343j)
389,(-1000.4899069938261+494.85170653391464j)
390,(1000.4822307018618-491.300883317737j)
391,(-1000.4760661556805+487.7607536272842j)
392,(1000.4685486142885-484.2298335551849j)
393,(-1000.4625004783726+480.7093781961731j)
394,(1000.4551388603261-477.1979646075282j)
395,(-1000.4492051656728+473.69679142159237j)
396,(1000.4419967106772-470.2044945874181j)
397,(-1000.4361755457838+466.7222182181145j)
398,(1000.4291175754129-463.24865514786086j)
399,(-1000.4234070796373+459.7848968580182j)
400,(1000.416496976139-456.32969111567866j)
401,(-1000.4108953491399+452.8840786109942j)
402,(1000.4041305673778-449.4468601382848j)
403,(-1000.3986360532984+446.01902738369137j)
404,(1000.3920141116635-442.5994323258003j)
405,(-1000.3866250164007+439.18901937816906j)
406,(1000.380143494848-435.7866899153037j)
407,(-1000.3748581667053+432.39334275972305j)
408,(1000.3685147106775-429.00792693960625j)
409,(-1000.363331551605+425.6312973223754j)
410,(1000.3571238625798-422.26244890626674j)
411,(-1000.3520413204503+418.90219418426574j)
412,(1000.3459671586184-415.54957248547265j)
413,(-1000.3409837250078+412.20535546816336j)
414,(1000.335040913036-408.86862520360665j)
415,(-1000.3301551267488+405.5401140118237j)
416,(1000.3243415351523-402.21894515571773j)
417,(-1000.3195519797858+398.9058130725968j)
418,(1000.3138655379562-395.59988070908173j)
419,(-1000.309170833857+392.30180603646284j)
420,(1000.3036095197009-389.0107902283399j)
421,(-1000.2990083392968+385.7274561527819j)
422,(1000.2935701866505-382.45104180279253j)
423,(-1000.2890612340698+379.1821362660096j)
424,(1000.2837443174615-375.92001297566776j)
425,(-1000.2793263334721+372.6652285440679j)
426,(1000.2741287908443-369.4170904960829j)
427,(-1000.269800562575+366.1761242237478j)
428,(1000.2647205664532-362.94167005387067j)
429,(-1000.2604809149207+359.7142233741341j)
430,(1000.255516686947-356.4931560511016j)
431,(-1000.2513644704845+353.2789346442325j)
432,(1000.2465142777249-350.07096134234234j)
433,(-1000.2424483888948+346.8696750293789j)
434,(1000.2377105425585-343.6745070197194j)
435,(-1000.2337299091896+340.48586963891364j)
436,(1000.2291027615055-337.3032221751782j)
437,(-1000.2252063458222+334.1269514752428j)
438,(1000.220688292978-330.9565436825454j)
439,(-1000.2168750893843+327.79236121315256j)
440,(1000.2124645647502-324.6339159786289j)
441,(-1000.2087336012651+321.48154698339937j)
442,(1000.2044290809224-318.3347908522803j)
443,(-1000.2007794160733+315.1939641690989j)
444,(1000.1965794141169-312.0586272410467j)
445,(-1000.1930101352569+308.92907519357425j)
446,(1000.1889132018002-305.8048910265876j)
447,(-1000.1854234304377+302.686349335871j)
448,(1000.1814281565173-299.57305483703135j)
449,(-1000.1780170388585+296.4652625074233j)
450,(1000.1741220442142-293.3625978587919j)
451,(-1000.1707887640871+290.26529710363735j)
452,(1000.1669927089787-287.17300564385584j)
453,(-1000.1637364694749+284.08594178821545j)
454,(1000.1600380467174-281.0037699305167j)
455,(-1000.1568580792872+277.9266913059181j)
456,(1000.1532560187295-274.8543884601285j)
457,(-1000.150151585952+271.78704633607634j)
458,(1000.14664464629-268.72436480123633j)
459,(-1000.1436150335197+265.6665132889123j)
460,(1000.140202007876-262.61320818211925j)
461,(-1000.1372465299874+259.5646041533166j)
462,(1000.1339262407193-256.52043331804043j)
463,(-1000.1310442361678+253.48083631480037j)
464,(1000.1278155338786-250.44556024168395j)
465,(-1000.1250063703725+247.414732408303j)
466,(1000.1218681451941-244.38811416176122j)
467,(-1000.1191312042665+241.36582014842026j)
468,(1000.1160823670307-238.3476252706814j)
469,(-1000.1134170611763+235.33363218067927j)
470,(1000.1104565550669-232.32362862883483j)
471,(-1000.1078623230053+229.31770591261647j)
472,(1000.1049891188105-226.31566397953833j)
473,(-1000.102465418107+223.3175833825087j)
474,(1000.0996785127452-220.3232756182971j)
475,(-1000.097224826995+217.332811093319j)
476,(1000.0945232489328-214.3460122408832j)
477,(-1000.0921390797633+211.36293988656396j)
478,(1000.0895218801543-208.3834268058157j)
479,(-1000.0872067541977+205.40752478812223j)
480,(1000.0846730092871-202.43507637245256j)
481,(-1000.0824264754351+199.46612486569475j)
482,(1000.0799752938187-196.50052199700136j)
483,(-1000.0777969179541+193.53830310073508j)
484,(1000.0754274237421-190.57932856958598j)
485,(-1000.0733168021266+187.62362624771328j)
486,(1000.0710281517938-184.67106467647014j)
487,(-1000.0689848884012+181.72166470812704j)
488,(1000.0667762617613-178.77530250208352j)
489,(-1000.064799992549+175.831992385239j)
490,(1000.0626705873867-172.8916176651519j)
491,(-1000.0607609615126+169.9541865753321j)
492,(1000.0587100072452-167.01958910998349j)
493,(-1000.0568666953357+164.0878278278447j)
494,(1000.0548934372899-161.15879896737454j)
495,(-1000.0531161324957+158.2324998250214j)
496,(1000.0512198440765-155.30883244630323j)
497,(-1000.0495082567754+152.38778925982612j)
498,(1000.0476882273147-149.4692777038076j)
499,(-1000.0460420809427+146.5532857088186j)
500,(1000.0442976321935-143.63972572532285j)
501,(-1000.0427166793986+140.72858153815844j)
502,(1000.0410471435519-137.81977020979193j)
503,(-1000.0395311505881+134.9132717410954j)
504,(1000.0379358868929-132.00900744761674j)
505,(-1000.0364846394673+129.1069538642527j)
506,(1000.0349630283968-126.20703621356995j)
507,(-1000.0335763271077+123.30922787397566j)
508,(1000.0321277679511-120.4134576437628j)
509,(-1000.0308054374182+117.51969604409572j)
510,(1000.0294293480388-114.62787513272778j)
511,(-1000.0281712299586+111.7379628480227j)
512,(1000.0268670485505-108.84989421125931j)
513,(-1000.0256729982113+105.96363484585643j)
514,(1000.0244401907883-103.0791224462856j)
515,(-1000.0233100806215+100.19632057836662j)
516,(1000.0221481255087-97.3151693332234j)
517,(-1000.0210818489707+94.43563045194168j)
518,(1000.0199902445111-91.55764617710338j)
519,(-1000.0189877135376+88.68117664110018j)
520,(1000.0179659782573-85.80616599659558j)
521,(-1000.0170271203447+82.93257297725687j)
522,(1000.0160747902191-80.06034341170717j)
523,(-1000.0151995486651+77.18943483777245j)
524,(1000.0143161795056-74.3197945483468j)
525,(-1000.0135045175587+71.45137905794468j)
526,(1000.0126896839981-68.58413692462997j)
527,(-1000.0119415790114+65.71802380635008j)
528,(1000.0111948732418-62.85298935133143j)
529,(-1000.0105103240958+59.98898850470812j)
530,(1000.0098313581622-57.12597183250526j)
531,(-1000.0092103736563+54.26389370746942j)
532,(1000.008598775776-51.402705456988656j)
533,(-1000.0080413881967+48.54236100788532j)
534,(1000.0074968048292-45.68281230829869j)
535,(-1000.007003059521+42.82401294859897j)
536,(1000.0065251565695-39.965915355939636j)
537,(-1000.0060951170241+37.10847289121608j)
538,(1000.0056835734426-34.25163835426677j)
539,(-1000.0053173206827+31.395364950220326j)
540,(1000.0049718372143-28.539605749287233j)
541,(-1000.0046694671785+25.684313873824237j)
542,(1000.0043897620278-22.829442575942956j)
543,(-1000.0041513888021+19.974944951554402j)
544,(1000.0039371940188-17.120774358688006j)
545,(-1000.00376294651+14.266883913407504j)
546,(1000.0036140166972-11.413227016273176j)
547,(-1000.0035040440564+8.559756832638513j)
548,(1000.0034201433617-5.706426761472425j)
549,(-1000.0033746086174+2.8531900303151723j)
550,(1000.0033555248003+1.6202164839829413e-09j)
551,(-1000.0033746072647-2.853190030258748j)
552,(1000.0034201433574+5.706426761201168j)
553,(-1000.003504043554-8.559756832924336j)
554,(1000.0036140170245+11.41322701675124j)
555,(-1000.0037629478663-14.266883912738813j)
556,(1000.0039371898436+17.120774357834854j)
557,(-1000.0041513899396-19.974944950500234j)
558,(1000.0043897624137+22.82944257598188j)
559,(-1000.0046694676057-25.684313873039045j)
560,(1000.0049718368546+28.53960574923167j)
561,(-1000.0053173207993-31.39536495007964j)
562,(1000.0056835735995+34.251638351826905j)
563,(-1000.006095116142-37.108472891992676j)
564,(1000.0065251539995+39.965915356958206j)
565,(-1000.0070030608553-42.8240129486947j)
566,(1000.0074968052403+45.68281230938693j)
567,(-1000.0080413884584-48.54236101106146j)
568,(1000.0085987703251+51.40270545428265j)
569,(-1000.0092103754384-54.2638937076988j)
570,(1000.0098313580716+57.12597183100367j)
571,(-1000.010510325179-59.98898850519856j)
572,(1000.0111948741421+62.85298935160829j)
573,(-1000.0119415806234-65.71802380517425j)
574,(1000.0126896827459+68.58413692548643j)
575,(-1000.0135045174468-71.45137905595757j)
576,(1000.0143161792394+74.31979454835083j)
577,(-1000.015199547717-77.18943483703292j)
578,(1000.0160747892378+80.06034341262307j)
579,(-1000.0170271170037-82.9325729755075j)
580,(1000.0179659782599+85.80616599564253j)
581,(-1000.018987714871-88.68117664303935j)
582,(1000.0199902471861+91.5576461742537j)
583,(-1000.0210818490909-94.43563045226432j)
584,(1000.0221481263097+97.3151693332712j)
585,(-1000.0233100782233-100.19632057762558j)
586,(1000.0244401915554+103.07912244732032j)
587,(-1000.0256729962116-105.96363484430759j)
588,(1000.0268670500614+108.84989420935435j)
589,(-1000.0281712298224-111.73796284777237j)
590,(1000.0294293482715+114.62787513171239j)
591,(-1000.030805437141-117.51969604429124j)
592,(1000.0321277664546+120.41345764508563j)
593,(-1000.033576327012-123.30922787350016j)
594,(1000.0349630284676+126.20703621384021j)
595,(-1000.0364846395298-129.1069538653761j)
596,(1000.0379358884745+132.00900744793853j)
597,(-1000.0395311512091-134.91327174067555j)
598,(1000.0410471438964+137.81977020921j)
599,(-1000.0427166789299-140.72858153625447j)
600,(1000.0442976318034+143.6397257261245j)
601,(-1000.046042081574-146.55328571362165j)
602,(1000.0476882264401+149.4692777033536j)
603,(-1000.0495082535484-152.3877892593494j)
604,(1000.0512198439212+155.30883244642968j)
605,(-1000.0531161304425-158.2324998247524j)
606,(1000.0548934382236+161.15879896797685j)
607,(-1000.0568666937056-164.0878278297928j)
608,(1000.0587100056007+167.01958910884346j)
609,(-1000.0607609603719-169.95418657510777j)
610,(1000.062670586927+172.89161766673783j)
611,(-1000.0647999909993-175.83199238676985j)
612,(1000.066776262083+178.77530250287936j)
613,(-1000.068984890142-181.7216647078937j)
614,(1000.0710281501392+184.67106467703186j)
615,(-1000.0733168020226-187.62362625023854j)
616,(1000.0754274243916+190.57932856605234j)
617,(-1000.077796919547-193.53830310057268j)
618,(1000.0799752891621+196.50052199927808j)
619,(-1000.0824264753417-199.46612486643357j)
620,(1000.0846730096155+202.4350763720905j)
621,(-1000.0872067535666-205.4075247880175j)
622,(1000.0895218783071+208.38342680320255j)
623,(-1000.0921390803821-211.36293988833933j)
624,(1000.0945232480487+214.34601224234106j)
625,(-1000.0972248278811-217.33281109271383j)
626,(1000.0996785148666+220.32327561826543j)
627,(-1000.1024654192847-223.31758338090214j)
628,(1000.1049891176511+226.31566397896248j)
629,(-1000.1078623225553-229.31770591246118j)
630,(1000.1104565544372+232.32362863201828j)
631,(-1000.1134170608476-235.33363218249636j)
632,(1000.116082365191+238.34762527236748j)
633,(-1000.1191312002944-241.3658201504169j)
634,(1000.1218681407836+244.38811415779168j)
635,(-1000.1250063701789-247.41473240863226j)
636,(1000.1278155368716+250.44556024342532j)
637,(-1000.1310442372528-253.48083631527916j)
638,(1000.1339262413677+256.52043331776633j)
639,(-1000.1372465319763-259.5646041593527j)
640,(1000.1402020082423+262.6132081830418j)
641,(-1000.1436150359847-265.666513289695j)
642,(1000.1466446471129+268.72436480300246j)
643,(-1000.1501515860394-271.7870463368583j)
644,(1000.1532560183574+274.85438846062027j)
645,(-1000.1568580854424-277.9266913025948j)
646,(1000.1600380455905+281.003769930521j)
647,(-1000.1637364679982-284.0859417858926j)
648,(1000.1669927091714+287.1730056448457j)
649,(-1000.170788756656-290.26529710715045j)
650,(1000.1741220448005+293.36259785812683j)
651,(-1000.1780170407177-296.4652625063118j)
652,(1000.1814281559957+299.573054837721j)
653,(-1000.1854234313713-302.68634933125225j)
654,(1000.188913202525+305.8048910274642j)
655,(-1000.1930101362657-308.9290751941556j)
656,(1000.1965794141797+312.0586272407808j)
657,(-1000.2007794163026-315.1939641694924j)
658,(1000.2044290812909+318.33479085346653j)
659,(-1000.2087336013819-321.4815469848404j)
660,(1000.212464563969+324.6339159788526j)
661,(-1000.2168750898691-327.7923612157679j)
662,(1000.2206882908488+330.95654368177304j)
663,(-1000.2252063473147-334.12695147645616j)
664,(1000.2291027588415+337.3032221767412j)
665,(-1000.2337299087652-340.48586963891216j)
666,(1000.2377105427836+343.67450702004425j)
667,(-1000.2424483885666-346.8696750310012j)
668,(1000.2465142779931+350.07096133999j)
669,(-1000.2513644715009-353.2789346438083j)
670,(1000.2555166872648+356.49315605099923j)
671,(-1000.2604809154216-359.71422337530976j)
672,(1000.2647205669599+362.94167005625945j)
673,(-1000.2698005627652-366.176124222818j)
674,(1000.2741287897481+369.4170904960025j)
675,(-1000.2793263326964-372.6652285443556j)
676,(1000.2837443170422+375.9200129758886j)
677,(-1000.2890612318379-379.1821362661778j)
678,(1000.2935701845928+382.4510418034301j)
679,(-1000.2990083368417-385.72745615499815j)
680,(1000.3036095212593+389.01079023015825j)
681,(-1000.3091708354403-392.30180603737296j)
682,(1000.3138655368009+395.5998807088628j)
683,(-1000.3195519798169-398.90581307304296j)
684,(1000.3243415348097+402.21894515614j)
685,(-1000.3301551262939-405.5401140139909j)
686,(1000.3350409127388+408.8686252031464j)
687,(-1000.3409837228892-412.2053554690476j)
688,(1000.3459671584761+415.549572484544j)
689,(-1000.3520413187982-418.9021941838927j)
690,(1000.3571238598187+422.2624489041475j)
691,(-1000.363331552599-425.6312973225101j)
692,(1000.3685147103517+429.00792694019395j)
693,(-1000.3748581668706-432.3933427599849j)
694,(1000.3801434959855+435.7866899168417j)
695,(-1000.3866250216038-439.1890193792824j)
696,(1000.3920141134593+442.5994323256788j)
697,(-1000.3986360531328-446.01902738417766j)
698,(1000.4041305689252+449.44686013736j)
699,(-1000.4108953483338-452.8840786118331j)
700,(1000.416496977091+456.3296911155236j)
701,(-1000.4234070795591-459.78489686090717j)
702,(1000.4291175749054+463.24865514583803j)
703,(-1000.4361755458265-466.722218217595j)
704,(1000.4419967110073+470.20449458861754j)
705,(-1000.4492051666125-473.6967914211842j)
706,(1000.4551388566051+477.19796460804537j)
707,(-1000.462500477686-480.70937819632655j)
708,(1000.4685486132928+484.22983355434167j)
709,(-1000.4760661533942-487.76075362741835j)
710,(1000.4822307047504+491.3008833126687j)
711,(-1000.489906991455-494.85170653409887j)
712,(1000.4961899855939+498.41190971281446j)
713,(-1000.5040279301506-501.98303986101104j)
714,(1000.5104314619064+505.5637228755791j)
715,(-1000.5184340381309-509.1555710707485j)
716,(1000.5249602655753+512.7571476696417j)
717,(-1000.5331305359716-516.3701325581947j)
718,(1000.5397816788277+519.9930240952715j)
719,(-1000.548122785672-523.6275720683357j)
720,(1000.5549011326461+527.2722077258464j)
721,(-1000.5634163101743-530.928753149844j)
722,(1000.570324215807+534.5955701410921j)
723,(-1000.5790167762641-538.2745555753086j)
724,(1000.5860566759472+541.9639994001823j)
725,(-1000.5949300210707-545.6658758299628j)
726,(1000.6021044142867+549.3784004937738j)
727,(-1000.6111620497979-553.1036275797939j)
728,(1000.6184735132426+556.8396958490512j)
729,(-1000.627719035201-560.5887421654279j)
730,(1000.6351702275635+564.3488258053392j)
731,(-1000.6446073243019-568.1221691081485j)
732,(1000.65220098763+571.9067491577395j)
733,(-1000.661833459626-575.7048766430134j)
734,(1000.6695724097688+579.5144436779619j)
735,(-1000.6794041641149-583.3378522607045j)
736,(1000.687291312295+587.1729066508997j)
737,(-1000.6973263497688-591.0221032461512j)
738,(1000.7053646922913+594.883155481994j)
739,(-1000.7156071444142-598.7586572877367j)
740,(1000.7237997730555+602.6462282393455j)
741,(-1000.7342538741187-606.548563057355j)
742,(1000.7426039643996+610.4631842962079j)
743,(-1000.7532740829722-614.3928908214605j)
744,(1000.7617849326562+618.3351049343437j)
745,(-1000.7726755349493-622.2927331026656j)
746,(1000.78135052298+626.2630940045385j)
747,(-1000.7924662283767-630.2492053002127j)
748,(1000.8013088423745+634.248278590327j)
749,(-1000.8126543974884-638.2634464072881j)
750,(1000.821668240479+642.2918097097179j)
751,(-1000.8332485171659-646.3366196939453j)
752,(1000.8424372956846+650.3948630143411j)
753,(-1000.854257322866-654.4699134472087j)
754,(1000.8636248724783+658.5586395453997j)
755,(-1000.8756898089384-662.664541715263j)
756,(1000.8852400728466+666.7843664909838j)
757,(-1000.8975552392972-670.9217450949285j)
758,(1000.9072922967559+675.0732979860866j)
759,(-1000.9198631690847-679.2427915194932j)
760,(1000.9297912182054+683.4267159288642j)
761,(-1000.9426234309517-687.6289771300742j)
762,(1000.9527468085142+691.8459308265399j)
763,(-1000.9658461696134-696.0816271078278j)
764,(1000.976169351379+700.3322826785704j)
765,(-1000.9895418303117-704.602096570642j)
766,(1001.000069441022+708.8871419018708j)
767,(-1001.0137211995636-713.191771523053j)
768,(1001.0244580031664+717.5119102453941j)
769,(-1001.038395378796-721.8520698057694j)
770,(1001.0493463001548+726.2080217956565j)
771,(-1001.0635758319614-730.5844420816906j)
772,(1001.0747459564376+734.9769439789078j)
773,(-1001.0892743731564-739.3903728828086j)
774,(1001.1006689488346+743.8201786066702j)
775,(-1001.1155031964299-748.2713816702944j)
776,(1001.1271276466462+752.7392629829512j)
777,(-1001.1422748751486-757.2290239622862j)
778,(1001.1541348022212+761.7357710182162j)
779,(-1001.1696023946893-766.2648924591704j)
780,(1001.181703583119+770.8113144130248j)
781,(-1001.1974991399903-775.380618251222j)
782,(1001.2098475726553+779.9675438765079j)
783,(-1001.225978946491-784.5778720873167j)
784,(1001.2385808019816+789.2061503771652j)
785,(-1001.2550560870465-793.858365604264j)
786,(1001.2679177581654+798.5288664641023j)
787,(-1001.2847453072602-803.2238527146768j)
788,(1001.2978733967601+807.9374676396721j)
789,(-1001.3150618269824-812.6761309709799j)
790,(1001.3284631642016+817.4337737614985j)
791,(-1001.3460213772065-822.2170430220947j)
792,(1001.3597030243133+827.0196505057421j)
793,(-1001.3776402046027-831.8484780986118j)
794,(1001.391609473592+836.6970109226986j)
795,(-1001.4099351061797-841.5723735851072j)
796,(1001.424199549995+846.4678170037132j)
797,(-1001.4429234344026-851.3907166335434j)
798,(1001.4574908788969+856.3340813424819j)
799,(-1001.4766231366189-861.3055458504009j)
800,(1001.4915016782879+866.2978688492109j)
801,(-1001.5110527642122-871.3189530486236j)
802,(1001.5262507856285+876.3612985505795j)
803,(-1001.5462315070312-881.4330850824506j)
804,(1001.5617576858634+886.5265454390043j)
805,(-1001.5821792147417-891.6501457310762j)
806,(1001.5980425389649+896.7958424148595j)
807,(-1001.6189164248708-901.9723976934766j)
808,(1001.635126197642+907.1714823111606j)
809,(-1001.6564643962037-912.4021646311451j)
810,(1001.6730302664494+917.6558199857939j)
811,(-1001.6948451258238-922.9418333346414j)
812,(1001.7117770862354+928.2512745221792j)
813,(-1001.7340813918883-933.593855934304j)
814,(1001.751389805853+938.960331500836j)
815,(-1001.7741967864392-944.3607522603693j)
816,(1001.7918923880724+949.7855453889088j)
817,(-1001.8152157464068-955.2451122450307j)
818,(1001.8333096779661+960.7295420226934j)
819,(-1001.8571635823309-966.2495984873094j)
820,(1001.8756674003334+971.7950211829941j)
821,(-1001.9000665367803-977.3769488687469j)
822,(1001.9189922137654+982.9847593259224j)
823,(-1001.943951798416-988.6299793302559j)
824,(1001.963311777219+994.3016123659861j)
825,(-1001.9888475702211-1000.011586770486j)
826,(1002.0086547612025+1005.7485186537091j)
827,(-1002.0347830970679-1011.5247520186682j)
828,(1002.05505089239+1017.3285020366367j)
829,(-1002.0817887078679-1023.172543008399j)
830,(1002.1025310361657+1029.0446750765368j)
831,(-1002.1298958828629-1034.9581180496616j)
832,(1002.1511271946108+1040.9002424061737j)
833,(-1002.1791372951991-1046.8847292820574j)
834,(1002.2008726166171+1052.898504252666j)
835,(-1002.2295468563198-1058.9557262379576j)
836,(1002.25180179441+1065.0428600972725j)
837,(-1002.2811597958494-1071.1745596388646j)
838,(1002.3039505832728+1077.3368125290524j)
839,(-1002.3340127000472-1083.54478529178j)
840,(1002.3573562107306+1089.7839712623831j)
841,(-1002.388143582981-1096.0700682252564j)
842,(1002.4120573731648+1102.3880573580122j)
843,(-1002.4435919600874-1108.7541870041578j)
844,(1002.4680942976792+1115.1529076269699j)
845,(-1002.5003989125299-1121.6010382369072j)
846,(1002.5255088093822+1128.0824792553772j)
847,(-1002.5586071596788-1134.614641314277j)
848,(1002.5843444000122+1141.1808546562788j)
849,(-1002.618261143314-1147.7991433699412j)
850,(1002.6446463421171+1154.4522465426976j)
851,(-1002.6794071074596-1161.1588244798986j)
852,(1002.7064617397558+1167.9010032598396j)
853,(-1002.7420932091943-1174.6981031489445j)
854,(1002.7698396354322+1181.531614391189j)
855,(-1002.8063695552937-1188.4215419900472j)
856,(1002.8348311075454+1195.348716602919j)
857,(-1002.8722883664263-1202.3338538005023j)
858,(1002.9014893598603+1209.357099843261j)
859,(-1002.9399040386512-1216.4399078490114j)
860,(1002.9698698406315+1223.5617138002394j)
861,(-1003.0092732835809-1230.744736521669j)
862,(1003.0400303536653+1237.967674714971j)
863,(-1003.080455210622-1245.2535423273237j)
864,(1003.112031178338+1252.5802725595095j)
865,(-1003.1535114884997-1259.9717052215753j)
866,(1003.1859351983005+1267.4049785476113j)
867,(-1003.2285064562076-1274.9047903448427j)
868,(1003.2618080306758+1282.4474530790017j)
869,(-1003.3055072650286-1290.058556161533j)
870,(1003.3397181902562+1297.7135540891557j)
871,(-1003.3845840323049-1305.4389630316655j)
872,(1003.4197372121515+1313.2093458545269j)
873,(-1003.4658099968631-1321.0521822368887j)
874,(1003.5019398371395+1328.9411082113613j)
875,(-1003.5492616929407-1336.9046055062154j)
876,(1003.5864041828271+1344.915346420439j)
877,(-1003.635019119924-1353.0028550403663j)
878,(1003.6732119244452+1361.1388013944045j)
879,(-1003.72316592311-1369.3537941531722j)
880,(1003.7624484817405+1377.6184606242643j)
881,(-1003.8137896396786-1385.9645383746501j)
882,(1003.854203241354+1394.3615696618388j)
883,(-1003.9069818585205-1402.8424673408597j)
884,(1003.9485697752474+1411.3756442511444j)
885,(-1004.0028384910345-1419.9952372430625j)
886,(1004.0456460763787+1428.6684831868552j)
887,(-1004.1014599963199-1437.4307940309654j)
888,(1004.1455348007104+1446.2481818667798j)
889,(-1004.2029516425189-1455.157387377527j)
890,(1004.2483435662803+1464.1231466537015j)
891,(-1004.3074238019354-1473.1835854641754j)
892,(1004.3541852134894+1482.3021100961178j)
893,(-1004.4149922344084-1491.518290630834j)
894,(1004.4631781097029+1500.7941470393562j)
895,(-1004.5257784199732-1510.170755958741j)
896,(1004.5754465213729+1519.6086916787035j)
897,(-1004.6399098767268-1529.1506028677713j)
898,(1004.6911209127977+1538.7555556944171j)
899,(-1004.7575205553633-1548.4678397660266j)
900,(1004.8103383721028+1558.2449474569935j)
901,(-1004.8787512168486-1568.1328818484822j)
902,(1004.9332429608027+1578.0874924262635j)
903,(-1005.0037498438217-1588.1565721665775j)
904,(1005.0599862213987+1598.2942548608737j)
905,(-1005.1326721133587-1608.550203929121j)
906,(1005.1907275675346+1618.8767608290646j)
907,(-1005.2656818621269-1629.325544342948j)
908,(1005.3256348287265+1639.8470227769499j)
909,(-1005.402951615815-1650.4948598745268j)
910,(1005.464884783994+1661.2175656020268j)
911,(-1005.5446631332538-1672.0709432298681j)
912,(1005.6086637333219+1683.0014544665794j)
913,(-1005.6910080326946-1694.0671420426777j)
914,(1005.7571681163384+1705.212324473261j)
915,(-1005.8421884149082-1716.4973895197872j)
916,(1005.9106051946792+1727.8644122463493j)
917,(-1005.9984175802402-1739.3762371046682j)
918,(1006.0691937684792+1750.97258973836j)
919,(-1006.1599207593773-1762.7188893987984j)
920,(1006.2331649529037+1774.5524002535967j)
921,(-1006.3269359468309-1786.5412414440198j)
922,(1006.4027630214023+1798.620097039784j)
923,(-1006.499714765079-1810.8599186089632j)
924,(1006.5782463342043+1823.19268453382j)
925,(-1006.6785234201814-1835.6923192936383j)
926,(1006.759888286548+1848.287962535317j)
927,(-1006.8636437250755-1861.056660674706j)
928,(1006.9479784181681+1873.9245735523364j)
929,(-1007.0553742100894-1886.9720277295837j)
930,(1007.1428235334906+1900.12205357636j)
931,(-1007.25403134114-1913.45842586078j)
932,(1007.3447489781629+1926.9008865794167j)
933,(-1007.4599508023491-1940.5368373856163j)
934,(1007.5540999917945+1954.2825630804193j)
935,(-1007.6734889513319-1968.229282287771j)
936,(1007.7712431848249+1982.2896431160138j)
937,(-1007.895024337631-1996.5588835335116j)
938,(1007.9965681570491+2010.9458240013828j)
939,(-1008.1249594117451-2025.549937452452j)
940,(1008.2304892447362+2040.2760133577895j)
941,(-1008.3637223250855-2055.227989550195j)
942,(1008.4734474301123+2070.3064078279576j)
943,(-1008.6117689685811-2085.619916338711j)
944,(1008.7259124412083+2101.0645780995815j)
945,(-1008.8695851398328-2116.754013675321j)
946,(1008.9883850154796+2132.5795606930233j)
947,(-1009.1376889243769-2148.66009232294j)
948,(1009.2613994030366+2164.8819573155533j)
949,(-1009.416633326328-2181.36958128488j)
950,(1009.5455261161469+2198.0040424132385j)
951,(-1009.7070091351259-2214.9156398390996j)
952,(1009.841374877806+2231.9798797271897j)
953,(-1010.0094480572518-2249.333278977536j)
954,(1010.1495979634269+2266.8454488472707j)
955,(-1010.3246261920284-2284.6594933458045j)
956,(1010.4708937892988+2302.638782648819j)
957,(-1010.6532678161549-2320.933404613775j)
958,(1010.8060109097057+2339.4001168262066j)
959,(-1010.9961495729827-2358.196417568539j)
960,(1011.1557523785625+2377.172052752972j)
961,(-1011.3541051180438-2396.492390215527j)
962,(1011.5209806404494+2415.999735047383j)
963,(-1011.7280301885776-2435.86781939967j)
964,(1011.9026228371297+2455.931045539097j)
965,(-1012.1188882864025-2476.3720436397534j)
966,(1012.3016767718796+2497.016815269091j)
967,(-1012.5277168859943-2518.0574650416715j)
968,(1012.7192174767188+2539.311056682485j)
969,(-1012.9556344373584-2560.9797925130683j)
970,(1013.1564045052189+2582.871218201929j)
971,(-1013.403848035603-2605.198308595004j)
972,(1013.6144900653326+2627.7584638082853j)
973,(-1013.8736620380046-2650.776162756076j)
974,(1014.0948280611458+2674.0379805267735j)
975,(-1014.3664876331-2697.7806942148623j)
976,(1014.5988842030304+2721.779317177724j)
977,(-1014.8838535490006-2746.2837878827127j)
978,(1015.1282473008571+2771.056758129387j)
979,(-1015.4274180409366-2796.362267411884j)
980,(1015.6846419072573+2821.949736432968j)
981,(-1015.9989822972699-2848.0983301000942j)
982,(1016.2699425325761+2874.5432912761953j)
983,(-1016.6005055721325-2901.580028791774j)
984,(1016.886189610676+2928.9285754155853j)
985,(-1017.2341221445873-2956.9018070718257j)
986,(1017.5356074732099+2985.2034191533126j)
987,(-1017.9021604854752-3014.1650946127356j)
988,(1018.2206247183827+3043.4729583822073j)
989,(-1018.607164944039-3073.478970816368j)
990,(1018.9438971731636+3103.850335413257j)
991,(-1019.3519202956318-3134.96090624262j)
992,(1019.7083339936507+3166.457482683956j)
993,(-1020.1394796133311-3198.7375926320283j)
994,(1020.5171273372193+3231.426001120025j)
995,(-1020.9731960241389-3264.945874220232j)
996,(1021.373786176869+3298.8981468136326j)
997,(-1021.8567589444356-3333.7337952418543j)
998,(1022.2821749454369+3369.027942153897j)
999,(-1022.7942355312365-3405.2617809848834j)
1000,(1023.2465578013988+3441.9824300700793j)
1001,(-1023.7901182818812-3479.7039728468117j)
1002,(1024.27164952835+3517.943093770076j)
1003,(-1024.849379755879-3557.2497415448715j)
1004,(1025.3626741352712+3597.1074680410243j)
1005,(-1025.9775357812841-3638.1054071187345j)
1006,(1026.5254326553766+3679.6909733406815j)
1007,(-1027.1807186090477-3722.496199625495j)
1008,(1027.7663816771953+3765.9290097058324j)
1009,(-1028.4657618645315-3810.6685012780827j)
1010,(1029.0927247923703+3856.0793548592305j)
1011,(-1029.8402995744493-3902.8924186313916j)
1012,(1030.5125192688258+3950.4249198754615j)
1013,(-1031.312881978568-3999.464743433761j)
1014,(1032.0348010858265+4049.276926674228j)
1015,(-1032.8931114722345-4100.712373200753j)
1016,(1033.669731948868+4152.978585400824j)
1017,(-1034.5918028171022-4206.996277678784j)
1018,(1035.428772918137+4261.90936694131j)
1019,(-1036.4211727384295-4318.716116727912j)
1020,(1037.3248902583045+4376.489986955183j)
1021,(-1038.3950652595613-4436.315639201542j)
1022,(1039.3728006366573+4497.188245213355j)
1023,(-1040.5292207032421-4560.28902294574j)
1024,(1041.589264521982+4624.525898268578j)
1025,(-1042.841598432298-4691.188355247743j)
1026,(1043.9934390352244+4759.086787577801j)
1027,(-1045.3527660580394-4829.632502936509j)
1028,(1046.6073044712887+4901.526501952621j)
1029,(-1048.0863712386947-4976.317686413012j)
1030,(1049.456182837655+5052.583927094315j)
1031,(-1051.0697169329776-5132.0301565152195j)
1032,(1052.5693718740165+5213.095131494471j)
1033,(-1054.3344672763362-5297.66148445133j)
1034,(1055.980925283428+5384.010165899352j)
1035,(-1057.9175190263898-5474.227123165346j)
1036,(1059.7306192831213+5566.413523840707j)
1037,(-1061.8620852935435-5662.889096846229j)
1038,(1063.8651586154244+5761.549240358809j)
1039,(-1066.2190530946984-5864.983944237976j)
1040,(1068.4396929740367+5970.851919196669j)
1041,(-1071.0486977782366-6082.057409885629j)
1042,(1073.519739680368+6195.985409282697j)
1043,(-1076.4228667081777-6315.90788853103j)
1044,(1079.1836431668228+6438.891453034626j)
1045,(-1082.4277869136636-6568.641345762782j)
1046,(1085.5257519106212+6701.851479190294j)
1047,(-1089.167711477758-6842.741461116079j)
1048,(1092.660565303556+6987.565932892187j)
1049,(-1096.7697077960531-7141.160219633726j)
1050,(1100.728208915658+7299.257313849986j)
1051,(-1105.3900211695309-7467.436354674328j)
1052,(1109.901755064604+7640.805730708268j)
1053,(-1115.2226445356873-7825.852305098237j)
1054,(1120.397146286139+8016.929765237876j)
1055,(-1126.5110283377583-8221.645331566237j)
1056,(1132.4868539680876+8433.431590189504j)
1057,(-1139.564341611013-8661.296218007072j)
1058,(1146.5189994694815+8897.534996608203j)
1059,(-1154.7804637684562-9152.931438383013j)
1060,(1162.9446348938038+9418.360720146557j)
1061,(-1172.6791579167698-9706.89515384427j)
1062,(1182.3575067912543+10007.609687702487j)
1063,(-1193.9510443898453-10336.582146963974j)
1064,(1205.5534404014834+10680.56997771802j)
1065,(-1219.531818747406-11059.683802679492j)
1066,(1233.6215332264385+11457.643990481316j)
1067,(-1250.7181794881328-11900.110698286815j)
1068,(1268.0887999786198+12366.742730700462j)
1069,(-1289.3554155131606-12891.068552320614j)
1070,(1311.1584856598356+13447.188528385168j)
1071,(-1338.1539222839747-14080.194580534011j)
1072,(1366.12092458928+14756.378232840485j)
1073,(-1401.250894576314-15538.587149312232j)
1074,(1438.1020623283212+16381.816860009356j)
1075,(-1485.2710056322271-17377.714290050702j)
1076,(1535.5242512914745+18464.42017972283j)
1077,(-1601.4931782049487-19783.69867127033j)
1078,(1673.2210073707636+21247.857257139374j)
1079,(-1770.7578604578732-23094.455831919826j)
1080,(1879.9194584117272+25196.32190250023j)
1081,(-2036.282391545426-27999.938709759736j)
1082,(2219.597558481893+31328.428181719508j)
1083,(-2505.0690918084183-36185.38596504518j)
1084,(2872.5638525554114+42473.07381369163j)
1085,(-3541.077623708813-53312.599748729066j)
1086,(4757.919496802849+72699.67668202906j)
1087,(-8036.073977881928-123760.69128060676j)
1088,(9050.553964410923+144878.4227043115j)
1089,(4.511093720793724e-10-7979.485492624671j)
1090,(-8268.5072349677-128947.35877758365j)
1091,(6713.665604551854+107751.40319658436j)
1092,(-3650.742448237721-56519.80799342046j)
1093,(2510.784372091189+36870.421975459205j)
1094,(-1898.7349266920746-25717.7531102868j)
1095,(1559.3796072612643+18996.636065119907j)
1096,(-1320.5028428913374-13638.410140651878j)
1097,(1175.9863766504923+9646.60896876327j)
1098,(-1075.6898473695474-6084.971565384125j)
1099,(1025.644246004278+2987.9235964573463j)
